"city_id";"city";"latitude_city";"longitude_city";"avg_temp_c";"median_pop";"hotel_name";"hotel_description";"booking_score";"average_price";"latitude";"longitude"
"86f1a48c-594e-4fc3-8009-dfe86079cb22";"Avignon";"43.9492493";"4.8059012";"33.18";"0.0";"ibis budget Avignon Centre";"L'ibis budget Avignon Centre est situé à Avignon, à 30 minutes en voiture d'Orange et du Pont du Gard. Une connexion Wi-Fi est accessible gratuitement. Le Palais des Papes se trouve à 1,3 km.  Chaque chambre climatisée dispose d’une télévision par câble et satellite. La salle de bains privative est pourvue d’une baignoire ou d’une douche et d’articles de toilette gratuits. Les logements donnent sur la ville et le jardin.  L'ibis budget Avignon Centre possède une réception ouverte 24h/24, une ter";"8.0";"146";"43.94375631";"4.79815236"
"86f1a48c-594e-4fc3-8009-dfe86079cb22";"Avignon";"43.9492493";"4.8059012";"33.18";"0.0";"Mercure Avignon TGV Hotel & Spa";"Le Mercure Avignon TGV Hotel & Spa vous accueille à Avignon, à 600 mètres de la gare TGV ainsi qu’à moins de 10 minutes en voiture du centre-ville, de la gare centrale et du palais des Papes. Une connexion Wi-Fi est disponible gratuitement.  Les chambres comprennent une télévision par satellite ainsi qu’une salle de bains pourvue d’une grande douche. Des logements accessibles aux personnes à mobilité réduite sont également disponibles.  L’hôtel sert un petit-déjeuner buffet tous les matins, et v";"8.6";"289";"43.92929";"4.784118"
"86f1a48c-594e-4fc3-8009-dfe86079cb22";"Avignon";"43.9492493";"4.8059012";"33.18";"0.0";"Premiere Classe Avignon Courtine Gare TGV";"Situé à 1 km de la gare d'Avignon, le Premiere Classe Avignon Courtine Gare TGV - Courtine Gare se trouve à 6 km du centre-ville. Il propose des chambres contemporaines dotées d'une salle de bains privative et d'une télévision par satellite à écran LCD.  Le Premiere Classe Avignon Courtine Gare TGV - Courtine Gare sert un petit-déjeuner buffet dans la salle colorée prévue à cet effet. Une connexion Wi-Fi et un parking privé sont aussi disponibles gratuitement.  L'hôtel est situé à 20 minutes de ";"5.8";"87";"43.93020671";"4.79032874"
"86f1a48c-594e-4fc3-8009-dfe86079cb22";"Avignon";"43.9492493";"4.8059012";"33.18";"0.0";"hotelF1 Avignon Centre Courtine gare TGV";"L'hotelF1 Avignon Centre Courtine gare TGV se trouve à Avignon, à 2,9 km du palais des Papes et à 3 km du pont d'Avignon.  Chaque chambre comprend une télévision à écran plat et donne accès à une salle de bains commune. Vous pourrez acheter des serviettes en microfibre sur place, moyennant 3 EUR pièce.  Vous séjournerez à 800 mètres du Parc d'activités d'Avignon Courtine et à 1,5 km de l'École Supérieure d'Art ESAA. Enfin, l'aéroport d'Avignon-Provence, le plus proche, se trouve à 9 km de l'hote";"7.2";"83";"43.929032";"4.788189"
"86f1a48c-594e-4fc3-8009-dfe86079cb22";"Avignon";"43.9492493";"4.8059012";"33.18";"0.0";"Auberge de jeunesse HI Avignon";"L’établissement Auberge de jeunesse HI Avignon bénéficie d’un emplacement stratégique dans le centre de Avignon. Il met à votre disposition une terrasse, un bar et une connexion Wi-Fi gratuite. Il est installé à proximité de plusieurs attractions connues, notamment à respectivement 300 mètres, 300 mètres et 400 mètres de : Eglise Saint-Agricol, Historical Centre of Avignon et Chapelle Saint-Charles. Vous profiterez d'un service d'étage et d'un service de bagagerie.  Un petit-déjeuner continental";"8.0";"197";"43.9476227";"4.8059782"
"86f1a48c-594e-4fc3-8009-dfe86079cb22";"Avignon";"43.9492493";"4.8059012";"33.18";"0.0";"Novotel Avignon Centre";"Located next to Avignon Train Station, Novotel Avignon Centre offers an outdoor pool and a beauty salon. It also features a fitness centre and a spa with a sauna, a hot tub and hammam. Free WiFi is available throughout.  Decorated in a contemporary style, the air-conditioned rooms at Novotel Avignon offer a flat-screen TV and a minibar. The private bathroom has a bath or a shower.  Breakfast is served every morning in guest rooms or in the hotel’s breakfast room leading onto the patio. Guests ca";"8.2";"430";"43.9427354";"4.80243623"
"86f1a48c-594e-4fc3-8009-dfe86079cb22";"Avignon";"43.9492493";"4.8059012";"33.18";"0.0";"Mercure Pont d’Avignon Centre";"Featuring free WiFi throughout the property, Mercure Pont d’Avignon Centre is located in the historic centre of Avignon, just 100 metres from the Pont d'Avignon and 150 metres  from Papal Palace. Guests can enjoy the on-site bar with the outdoor shaded terrace.  The restaurant offers Mediterranean cuisine with local and seasonal products. Breakfast is served each morning in a designated breakfast room under a glass roof.  Every room comes with air conditioning, a safe, a desk and a flat-screen T";"8.1";"326";"43.95284082";"4.80593383"
"86f1a48c-594e-4fc3-8009-dfe86079cb22";"Avignon";"43.9492493";"4.8059012";"33.18";"0.0";"Golden Tulip Avignon Le Paradou";"L’établissement Golden Tulip Avignon Le Paradou est situé dans un parc paisible à Avignon Sud - Montfavet, à seulement 15 minutes en voiture du centre historique d'Avignon.  Vous bénéficierez d'une connexion Wi-Fi haut débit gratuite dans tout l'établissement, ainsi que d'un parking privé gratuit sur place. L'aéroport de Caumont est situé juste à côté de l'hôtel, offrant un accès pratique pour les voyageurs.  Les chambres insonorisées et climatisées donnent sur la piscine ou le jardin. Chaque ch";"8.3";"199";"43.9048925";"4.89553034"
"86f1a48c-594e-4fc3-8009-dfe86079cb22";"Avignon";"43.9492493";"4.8059012";"33.18";"0.0";"Camping du Pont d'Avignon";"L’établissement Camping du Pont d'Avignon est situé à 1,9 km de ce lieu d’intérêt : Palais des Papes d'Avignon. Il comprend un restaurant, une piscine extérieure ouverte en saison, un salon commun et une terrasse.  Chaque hébergement possède une kitchenette équipée d’un réfrigérateur, un salon avec un canapé-lit et une télévision, ainsi qu’une salle de bains privative. Tous les logements sont dotés de la climatisation, ainsi que d’un coin salon et/ou repas.  Vous séjournerez à respectivement 3,3";"8.1";"173";"43.95638753";"4.80199099"
"86f1a48c-594e-4fc3-8009-dfe86079cb22";"Avignon";"43.9492493";"4.8059012";"33.18";"0.0";"Hotel Cristol";"Doté d'une terrasse entourée d'un grand jardin, l'Hotel Cristol bénéficie d'un emplacement idéal à l'entrée d'Avignon, à respectivement 15 et 20 minutes de route du célèbre pont d'Avignon et du palais des Papes.  Les chambres sont climatisées et disposent d'une télévision par câble, d'un téléphone ainsi que d'une connexion Wi-Fi gratuite. Leur salle de bains privative est pourvue d'une baignoire.  Un petit-déjeuner buffet à volonté est servi tous les matins moyennant des frais supplémentaires. V";"7.2";"135";"43.92633935";"4.85013127"
"86f1a48c-594e-4fc3-8009-dfe86079cb22";"Avignon";"43.9492493";"4.8059012";"33.18";"0.0";"ibis Avignon Centre Pont De L'Europe";"Situé à 10 minutes à pied du centre d'Avignon, l'ibis Centre Pont de l'Europe propose une connexion Wi-Fi gratuite, une salle de réunion et une terrasse. Il se trouve à 15 minutes à pied du pont d'Avignon et du palais des Papes.  Modernes et climatisées, les 74 chambres de l'hôtel disposent toutes d'une salle d'eau et de toilettes privatives, d'un espace de travail, d'une ligne de téléphone directe et d'une télévision avec chaînes internationales.  Un petit-déjeuner buffet composé de plats sucré";"7.6";"122";"43.94363815";"4.79828954"
"86f1a48c-594e-4fc3-8009-dfe86079cb22";"Avignon";"43.9492493";"4.8059012";"33.18";"0.0";"ApartHotel Sainte-Marthe";"L’Apart'Hotel Sainte-Marthe vous propose de profiter d’un séjour tout confort et de vous sentir comme chez vous. Nous proposons des chambres doubles, triples, quadruples et pour six personnes, toutes équipées de la climatisation, de kitchenettes, de salles de bains, de télévisions et du Wi-Fi haut débit. Cerise sur le gâteau : certaines chambres disposent d’un balcon privatif. Certaines sont également équipées pour les personnes à mobilité réduite. Idéalement située à proximité des transports en";"8.1";"137";"43.94989514";"4.81986389"
"86f1a48c-594e-4fc3-8009-dfe86079cb22";"Avignon";"43.9492493";"4.8059012";"33.18";"0.0";"ibis Styles Avignon Sud";"L'ibis Styles Avignon Sud se situe à 4 km des remparts de la ville d'Avignon, au cœur de la Provence et du massif du Luberon. Cet établissement possède une piscine extérieure et un parking privé gratuit. Une connexion Wi-Fi est disponible gratuitement dans l'ensemble des locaux.  Les chambres sont climatisées et comprennent une télévision par satellite ainsi qu'une salle de bains privative.  L'hôtel possède un billard, un baby-foot et une salle de jeux pour enfants dotée de consoles de jeux.  Vo";"8.4";"235";"43.92616548";"4.84442085"
"86f1a48c-594e-4fc3-8009-dfe86079cb22";"Avignon";"43.9492493";"4.8059012";"33.18";"0.0";"B&B HOTEL Avignon Sud Parc des Expositions";"Le B&B HOTEL Avignon Sud Parc des Expositions est idéalement situé à Montfavet, à 4 km de la vieille ville d'Avignon. Cet établissement propose un accueil chaleureux, une connexion Wi-Fi gratuite et des hébergements confortables.  Célèbre pour son environnement naturel soigneusement préservé, son magnifique climat ensoleillé et ses pierres chargées d'histoire, le Vaucluse est le véritable cœur de la Provence.  Les chambres du B&B HOTEL Avignon Sud Parc des Expositions sont directement accessible";"6.3";"137";"43.92592594";"4.85080719"
"86f1a48c-594e-4fc3-8009-dfe86079cb22";"Avignon";"43.9492493";"4.8059012";"33.18";"0.0";"L'écrin Bleu - Studio Cosy Intra-Muros";"L’hébergement L'écrin Bleu - Studio Cosy Intra-Muros vous accueille dans le centre de Avignon, à respectivement 1,7 km et 1,1 km de ces lieux d’intérêt : Gare d'Avignon-Centre et Palais des Papes d'Avignon. Il propose une connexion Wi-Fi gratuite, une terrasse et la climatisation. Cet appartement comprend un patio.  Cet appartement possède 1 chambre, une télévision à écran plat avec les chaînes du satellite, une cuisine équipée avec un réfrigérateur et un micro-ondes, ainsi que 1 salle de bains ";"8.0";"129";"43.95081492";"4.81687402"
"86f1a48c-594e-4fc3-8009-dfe86079cb22";"Avignon";"43.9492493";"4.8059012";"33.18";"0.0";"ibis Avignon Sud";"L'hôtel ibis Avignon Sud bénéficie d'un emplacement idéal à 3 km du centre-ville. L'établissement se situe à quelques minutes du centre de conventions et du pont d'Avignon. Il possède un jardin, une piscine extérieure et une terrasse bien exposée.  Les 93 chambres de l'ibis Avignon Sud sont équipées de la climatisation, d'une connexion Wi-Fi gratuite et d'une télévision par satellite avec les chaînes Canal+. Elles affichent un style moderne et disposent toutes d'une salle de bains privative pour";"7.7";"180";"43.92607107";"4.84903291"
"86f1a48c-594e-4fc3-8009-dfe86079cb22";"Avignon";"43.9492493";"4.8059012";"33.18";"0.0";"Hôtel du Palais des Papes";"L'Hôtel du Palais des Papes est situé à Avignon, en face du Palais des Papes. L’établissement occupe un bâtiment de 3 étages dans une zone entièrement piétonne. Les générations d’une même famille se sont succédées depuis 1921 dans les murs chargés d’histoire de cet ancien consulat espagnol, aujourd’hui classé monument historique. Une connexion Wi-Fi est disponible gratuitement.  L'hôtel du Palais des Papes propose des chambres confortables offrant une vue magnifique sur le Palais des Papes ou su";"8.0";"387";"43.95034694";"4.80620742"
"86f1a48c-594e-4fc3-8009-dfe86079cb22";"Avignon";"43.9492493";"4.8059012";"33.18";"0.0";"Appartement avec Bain à Remous & Patio";"Situé en plein cœur de Avignon, l’hébergement Appartement avec Bain à Remous & Patio possède une baignoire spa. Cet appartement met à votre disposition une connexion Wi-Fi gratuite et une cuisine entièrement équipée.  Cet appartement avec climatisation comprend 1 chambre, ainsi que 1 salle de bains possédant un bain à remous. Une télévision à écran plat est à votre disposition.  Vous séjournerez à proximité de ces lieux d’intérêt : Gare d'Avignon-Centre, Palais des Papes d'Avignon et Pont d'Avig";"7.9";"152";"43.9474224";"4.81592345"
"86f1a48c-594e-4fc3-8009-dfe86079cb22";"Avignon";"43.9492493";"4.8059012";"33.18";"0.0";"Best Western Plus Le Lavarin Avignon";"L’hôtel Best Western Hôtel du Lavarin est situé à Avignon, à 2,5 km des remparts, du Palais des Papes et du Pont d’Avignon. Une salle de fitness et une piscine intérieure sont également disponibles sur place, exclusivement réservées aux adultes.  L'hôtel propose des chambres confortables et climatisées avec une connexion Wi-Fi gratuite.  Vous pourrez savourer un petit-déjeuner et des repas aux saveurs provençales au restaurant, sur la terrasse ou dans le jardin. Le restaurant est ouvert du lundi";"8.1";"257";"43.92275766";"4.804295"
"86f1a48c-594e-4fc3-8009-dfe86079cb22";"Avignon";"43.9492493";"4.8059012";"33.18";"0.0";"Avignon Grand Hotel";"Doté d'une petite piscine sur le toit, l'Avignon Grand Hotel bénéficie d'un emplacement idéal à proximité directe des remparts médiévaux d'Avignon, à seulement 70 mètres de la gare centrale et à 15 minutes de marche du palais des Papes. Vous bénéficierez d'une connexion Wi-Fi gratuite dans l'ensemble des locaux.  Les chambres et suites non-fumeurs comprennent un coin salon, un coffre-fort, une télévision à écran plat et un plateau/bouilloire. Leur salle de bains est pourvue d'une baignoire, d'un";"8.1";"398";"43.94254506";"4.80436206"
"0fe8170f-1b49-4299-b34a-46d27fac0712";"Nimes";"43.8374249";"4.3600687";"33.041666666666664";"0.0";"hotelF1 Nîmes Ouest";"L'hotelF1 Nîmes Ouest est situé à Nîmes, à 44 km de Montpellier et à 40 km d'Avignon.  Toutes les chambres donnent accès à une salle de bains commune. Vous pourrez acheter des serviettes microfibre à l'hôtel moyennant des frais supplémentaires de EUR 3 chacune.  La réception est ouverte 24h/24.  Nîmes se trouve à 2,8 km de l'Hotelf1 Nîmes Ouest, tandis qu'Arles vous attend à 28 km. L'aéroport de Montpellier-Méditerranée, le plus proche, est implanté à 41 km.";"7.2";"79";"43.815334";"4.344052"
"0fe8170f-1b49-4299-b34a-46d27fac0712";"Nimes";"43.8374249";"4.3600687";"33.041666666666664";"0.0";"ibis budget Nimes Centre Gare";"Located just 50 metres from Nîmes Train Station, ibis budget Nimes Centre Gare offers a 24-hour reception, luggage storage and free Wi-Fi access in the entire hotel. The city centre is a 5-minute walk away.  All rooms are air-conditioned and feature a flat-screen TV with satellite channels, a desk and soundproofing. They are complete with an en suite bathroom.  A buffet breakfast is offered daily at the hotel. Quick drinks and snacks are also available from the on-site vending machines.  Montpel";"8.2";"142";"43.8320559";"4.3673645"
"0fe8170f-1b49-4299-b34a-46d27fac0712";"Nimes";"43.8374249";"4.3600687";"33.041666666666664";"0.0";"Appart'hôtel Odalys City - Nîmes Arènes - Palais des Congrès";"L’établissement Appart'hôtel Odalys City - Nîmes Arènes - Palais des Congrès se trouve à Nîmes, à respectivement 2,6 km et 200 mètres de ces lieux d’intérêt : Parc des expositions de Nîmes et Arenes de Nimes. Une connexion Wi-Fi gratuite est disponible dans l’ensemble de ses locaux.  Les hébergements comprennent la climatisation et une télévision à écran plat. Vous bénéficierez d’une kitchenette entièrement équipée avec un coin repas, ainsi que d’une salle de bains privative comportant une douch";"8.6";"187";"43.83406187";"4.35899065"
"0fe8170f-1b49-4299-b34a-46d27fac0712";"Nimes";"43.8374249";"4.3600687";"33.041666666666664";"0.0";"ibis Nîmes Ouest - A9";"Situé à côté de la sortie 25 sur l’autoroute A9, l’ibis Nîmes Ouest - A9 se trouve à 4 km du centre-ville de Nîmes et à 12 km de l’aéroport de Nîmes. Cet hôtel propose une piscine extérieure et une connexion Wi-Fi gratuite.  Les chambres climatisées de l’ibis Nîmes Ouest sont équipées d’une télévision à écran plat, d’une radio et d’un bureau. La salle de bains privative est pourvue d’une douche ou d’une baignoire, et toutes les chambres sont desservies par un ascenseur.  Tous les matins, vous po";"8.2";"171";"43.81389059";"4.34434175"
"0fe8170f-1b49-4299-b34a-46d27fac0712";"Nimes";"43.8374249";"4.3600687";"33.041666666666664";"0.0";"Campanile PRIME - Nîmes Centre";"Situé à Nîmes, l’établissement 3 étoiles Campanile PRIME - Nîmes Centre propose une connexion Wi-Fi gratuite, une réception ouverte 24h/24 et la presse quotidienne. Les arènes de Nîmes, la Maison Carrée et la gare se trouvent à moins de 20 minutes à pied.  Les chambres sont dotées de la climatisation, d’un plateau/bouilloire ainsi que d’une salle de bains privative pourvue d’une baignoire ou d’une douche.   Une salle de sport est installée à moins d’une minute de marche.  Le Campanile PRIME - Nî";"8.2";"146";"43.82273112";"4.36412573"
"0fe8170f-1b49-4299-b34a-46d27fac0712";"Nimes";"43.8374249";"4.3600687";"33.041666666666664";"0.0";"Comfort Aparthotel Nimes Centre";"Le Comfort Aparthotel Nîmes Centre est une résidence respectueuse de l’environnement située à Nîmes. Le parc des expositions vous attend à 1,6 km. Une connexion Wi-Fi gratuite est disponible.  Les spacieux studios et appartements disposent d’une télévision par satellite à écran plat. Ils comprennent une cuisine, un coin repas et une salle de bains privative.  Vous pourrez visiter les arènes de Nîmes à seulement 10 minutes de marche. L’aéroport de Montpellier-Méditerranée, le plus proche, est acc";"8.0";"133";"43.83249328";"4.36785668"
"0fe8170f-1b49-4299-b34a-46d27fac0712";"Nimes";"43.8374249";"4.3600687";"33.041666666666664";"0.0";"B&B HOTEL Nîmes Centre Arènes";"Situé à Nîmes, à 950 mètres des arènes, le B&B HOTEL Nîmes Centre Arènes propose une connexion Wi-Fi gratuite.  Les chambres climatisées disposent d’une télévision à écran plat. Leur salle de bains privative est pourvue d'une douche. Vous profiterez d'une vue sur la ville depuis votre chambre. Le linge de lit et du matériel de repassage sont fournis.  L'établissement possède un distributeur automatique.  L'arrêt de tramway Dhuoda se trouve à 2 minutes à pied et vous mènera à l'Arènes de Nîmes et";"8.3";"129";"43.8281614";"4.3547902"
"0fe8170f-1b49-4299-b34a-46d27fac0712";"Nimes";"43.8374249";"4.3600687";"33.041666666666664";"0.0";"Hôtel Concorde - Centre ville de Nimes";"Located on a pedestrian street in the centre of Nîmes, Hôtel Concorde - Centre ville de Nimes offers simple guest rooms equipped with free Wi-Fi access. The ancient Roman Arena of Nîmes is 200 metres away.  Guest rooms at Hôtel Concorde - Centre ville de Nimes include a TV. Some rooms have a private bathroom with a shower and toilet. Guests can borrow from a selection of books and comics from the hotel during their stay.  Restaurants, bars and grocery shops are located 50 metres from the propert";"6.6";"104";"43.83612815";"4.36126995"
"0fe8170f-1b49-4299-b34a-46d27fac0712";"Nimes";"43.8374249";"4.3600687";"33.041666666666664";"0.0";"B&B HOTEL Nîmes Ville Active 3 étoiles";"L’B&B HOTEL Nîmes Ville Active 3 étoiles vous accueille à Nîmes, à proximité de la sortie 25 de l’autoroute A9 et à 2 km du centre commercial Cap Costières. Vous pourrez profiter d’une terrasse, d’une connexion Wi-Fi gratuite et d’un parking sécurisé.  Chaque chambre climatisée dispose d’un bureau et d’une télévision par satellite à écran plat. Leur salle de bains privative est pourvue d’une baignoire et de toilettes séparées.  Le petit-déjeuner est servi chaque matin moyennant un supplément. L’";"7.7";"133";"43.8157834";"4.3463127"
"0fe8170f-1b49-4299-b34a-46d27fac0712";"Nimes";"43.8374249";"4.3600687";"33.041666666666664";"0.0";"Appart'City Collection Nîmes Arènes";"L'Appart'City Collection Nîmes Arènes vous accueille dans le centre historique de Nîmes, à 1 minute à pied des arènes et à 300 mètres de la gare. Un parking souterrain public est disponible à proximité. Vous profiterez d’une connexion Wi-Fi gratuite.  Les studios et les appartements sont dotés d'une télévision à écran plat et d'un coin salon. La kitchenette entièrement équipée est munie d’un micro-ondes et de plaques de cuisson. La salle de bains privative est pourvue d’une baignoire ou d’une do";"8.9";"258";"43.83387353";"4.36143396"
"0fe8170f-1b49-4299-b34a-46d27fac0712";"Nimes";"43.8374249";"4.3600687";"33.041666666666664";"0.0";"Logis Hotel NIMOTEL";"Le Logis Hotel NIMOTEL vous accueille à 1 km de l’autoroute A9 et à 10 minutes en voiture du centre-ville de Nîmes. Cet établissement propose une réception ouverte 24h/24, une piscine extérieure sécurisée et une connexion Wi-Fi gratuite.  Ses chambres climatisées sont équipées d’une télévision par satellite à écran plat. Certaines chambres comprennent un plateau/bouilloire.  Le restaurant du Nimotel, Partage, sert une variété de plats traditionnels et de spécialités provençales. Vous trouverez é";"7.7";"185";"43.81557635";"4.34660353"
"0fe8170f-1b49-4299-b34a-46d27fac0712";"Nimes";"43.8374249";"4.3600687";"33.041666666666664";"0.0";"SQUARE HOTEL";"L’établissement SQUARE HOTEL vous accueille à Nîmes, à 3,6 km de ce lieu d’intérêt : Parc des expositions de Nîmes. Il comprend un salon commun, une terrasse, des hébergements non-fumeurs, ainsi qu'une connexion Wi-Fi gratuite dans l’ensemble de ses locaux. Cet hôtel 3 étoiles propose une bagagerie. Certains hébergements sont pourvus d’un balcon offrant une vue sur la ville.  Les hébergements comprennent la climatisation, un bureau, une bouilloire, un coffre-fort, une télévision à écran plat et ";"8.6";"207";"43.837032";"4.363037"
"0fe8170f-1b49-4299-b34a-46d27fac0712";"Nimes";"43.8374249";"4.3600687";"33.041666666666664";"0.0";"Chambre indépendante avec terrasse privée et piscine";"L’établissement Chambre indépendante avec terrasse privée et piscine se trouve à Nîmes, à 5,6 km de ce lieu d’intérêt : Parc des expositions de Nîmes. Il propose une piscine extérieure ouverte en saison, un jardin, un salon commun et un parking privé gratuit. Disposant d’une connexion Wi-Fi gratuite, cette maison d'hôtes est à respectivement 3 km et 3,1 km environ de : Jardins de la Fontaine et Golf de Nîmes Vacquerolles. Cet établissement non-fumeurs vous accueille à 2,9 km de : Temple of Diana";"9.2";"166";"43.8512819";"4.3255809"
"0fe8170f-1b49-4299-b34a-46d27fac0712";"Nimes";"43.8374249";"4.3600687";"33.041666666666664";"0.0";"Novotel Atria Nimes Centre";"Located in Nîmes city centre, this hotel is just minutes from the train station, the Arènes Roman amphitheatre, and the town’s main square.  It features 119 air-conditioned rooms, a restaurant, a bar, and 9 conference rooms.  A buffet breakfast is served daily, and French cuisine is proposed by the hotel’s restaurant. Guests are invited to relax at the bar, which offers drinks and snacks.";"8.5";"264";"43.83542065";"4.36340421"
"0fe8170f-1b49-4299-b34a-46d27fac0712";"Nimes";"43.8374249";"4.3600687";"33.041666666666664";"0.0";"Royal Hôtel";"Situé au cœur de Nîmes, le Royal Hôtel dispose d'un restaurant sur place, La Bodéguita, qui s'ouvre sur la place Assas. L'hôtel se trouve à moins de 3 minutes à pied du temple Maison Carrée et de la galerie d'art moderne Carré d'Art. Une connexion Wi-Fi est disponible gratuitement.  L'établissement accepte les chiens de moins de 10 kg.  Accessible par un escalier, chaque chambre comprend la climatisation, une télévision à écran plat et une vue sur le patio intérieur ou la place Assas. Certains l";"8.3";"226";"43.8388151";"4.35481846"
"0fe8170f-1b49-4299-b34a-46d27fac0712";"Nimes";"43.8374249";"4.3600687";"33.041666666666664";"0.0";"Brit Hotel Confort Nîmes Ouest - A9 sortie 25";"Idéalement situé à 10 minutes en voiture du centre de Nîmes et à 2 km de la sortie 25 de l’autoroute A9, l’établissement 3 étoiles Kyriad Nîmes Ouest propose une connexion Wi-Fi à 20 Mb/s gratuite et des coins salon extérieurs.  Décorées dans des tons méditerranéens, les chambres du Brit Hotel Confort Nîmes Ouest - A9 sortie 25 comprennent un plateau/bouilloire et une télévision à écran plat avec des chaînes internationales, comme les chaînes des bouquets Canal+. Leur salle de bains privative es";"7.7";"121";"43.81470735";"4.3448326"
"0fe8170f-1b49-4299-b34a-46d27fac0712";"Nimes";"43.8374249";"4.3600687";"33.041666666666664";"0.0";"Rougetomette";"L’établissement Rougetomette se trouve à Nîmes, à respectivement 2,2 km et 600 mètres de ces lieux d’intérêt : Parc des expositions de Nîmes et Tribunal d’Instance. Il propose une connexion Wi-Fi gratuite, la climatisation, un jardin et une piscine extérieure.  Un réfrigérateur et une bouilloire sont également disponibles.  Un petit-déjeuner continental est servi sur place.  Cet établissement possède une terrasse.  Vous séjournerez à proximité de ces lieux d’intérêt : Esplanade Charles-de-Gaulle";"9.8";"323";"43.83003691";"4.36611269"
"0fe8170f-1b49-4299-b34a-46d27fac0712";"Nimes";"43.8374249";"4.3600687";"33.041666666666664";"0.0";"Studio ensoleillé avec balcon";"L’hébergement Studio ensoleillé avec balcon se situe à Nîmes, dans la région Languedoc-Roussillon. Il possède un balcon. Cet hébergement est installé à 5,8 km de : Parc des expositions de Nîmes. Il possède une terrasse et un parking privé gratuit.  Bénéficiant d’une connexion Wi-Fi gratuite, cet appartement comprend une télévision à écran plat par câble, un lave-linge, ainsi qu’une kitchenette avec un réfrigérateur et un four. Cet hébergement met à votre disposition des serviettes et du linge de";"7.5";"98";"43.85342961";"4.39747446"
"0fe8170f-1b49-4299-b34a-46d27fac0712";"Nimes";"43.8374249";"4.3600687";"33.041666666666664";"0.0";"Appart'City Classic Nîmes Centre";"L’Appart'City Nîmes est situé à Nîmes, à 500 mètres du centre sportif et parc des expositions Le Parnasse, ainsi qu’à 20 minutes à pied des arènes de Nîmes et de la gare TGV.  Chaque appartement est climatisé et insonorisé. Vous profiterez d’une connexion Wi-Fi gratuite ainsi que d’une kitchenette munie d’un lave-vaisselle, d’un micro-ondes et d’un lave-linge. Tous les logements sont desservis par un ascenseur.  Le petit-déjeuner est servi du lundi au dimanche. Il se compose d’une variété de pai";"8.1";"146";"43.82158549";"4.3645978"
"0fe8170f-1b49-4299-b34a-46d27fac0712";"Nimes";"43.8374249";"4.3600687";"33.041666666666664";"0.0";"HÔTEL C SUITES chambres spacieuses";"Le complexe hôtelier urbain C Suites se situe à Nîmes, à seulement 3 km des arènes. Il possède une piscine extérieure. Cet hôtel entièrement rénové installé dans un parc arboré d’un hectare est pourvu d’un court de tennis et d’un terrain de pétanque.  Les chambres du C Suites sont équipées d’une connexion Wi-Fi gratuite et d’une télévision à écran plat avec les chaînes internationales. Leur salle de bains privative est munie d’une baignoire ou d’une douche.  Pendant votre séjour, vous pourrez pr";"7.7";"195";"43.815377";"4.345905"
"c9053d4c-2a2f-45eb-ad2b-88f6fa0bc183";"Uzes";"44.0121279";"4.4196718";"32.795";"0.0";"Hôtel Le SAINT-GENIÈS";"L’établissement Hôtel Le SAINT-GENIÈS vous accueille à Uzès, à 29 km de ce lieu d’intérêt : Parc des expositions de Nîmes. Il comprend une piscine extérieure ouverte en saison, un jardin, un salon commun et un parking privé gratuit. Cet hôtel 3 étoiles propose une connexion Wi-Fi gratuite, une terrasse et un bar. Vous pourrez profiter d'un service d'étage, d'un service de navette gratuit et d'un service de bagagerie.  Les hébergements comprennent la climatisation, un bureau, une machine à café, ";"9.3";"341";"44.02339471";"4.41929072"
"c9053d4c-2a2f-45eb-ad2b-88f6fa0bc183";"Uzes";"44.0121279";"4.4196718";"32.795";"0.0";"Uzès Place aux Herbes - Le Belvédère - Rooftop unique et Clim - Appartement d'exception";"L’hébergement Uzès Place aux Herbes - Le Belvédère - Rooftop unique et Clim - Appartement d'exception se situe à Uzès, à respectivement 27 km, 39 km et 14 km de ces lieux d’intérêt : Parc des expositions de Nîmes, Palais des Papes d'Avignon et Pont du Gard. Cet hébergement offre une vue sur la ville et comprend une terrasse, un barbecue ainsi qu’une connexion Wi-Fi gratuite dans l’ensemble de ses locaux.  Cet appartement avec climatisation se compose de 2 chambres, d'un salon, d'une cuisine enti";"9.8";"399";"44.01154246";"4.41829981"
"c9053d4c-2a2f-45eb-ad2b-88f6fa0bc183";"Uzes";"44.0121279";"4.4196718";"32.795";"0.0";"Appartement climatisé avec piscine et parking à Uzès";"Situé à Uzès, l’hébergement Appartement climatisé avec piscine et parking à Uzès offre une vue sur la ville. Il comprend une terrasse et une connexion Wi-Fi gratuite. Cet hébergement est installé à 27 km de : Parc des expositions de Nîmes. Il propose une piscine extérieure ouverte en saison et un parking privé gratuit.  Cet appartement avec climatisation se compose de 2 chambres, d'un salon, d'une cuisine entièrement équipée avec un réfrigérateur et une machine à café, ainsi que de 1 salle de ba";"9.5";"316";"44.008163";"4.4101359"
"c9053d4c-2a2f-45eb-ad2b-88f6fa0bc183";"Uzes";"44.0121279";"4.4196718";"32.795";"0.0";"RAVISSANT STUDIO";"L’hébergement RAVISSANT STUDIO se trouve à Uzès, à respectivement 27 km et 38 km de ces lieux d’intérêt : Parc des expositions de Nîmes et Gare d'Avignon-Centre. Vous pourrez pratiquer la pêche dans les environs. Cet appartement propose une connexion Wi-Fi gratuite et est à respectivement 39 km et 41 km de : Palais des Papes d'Avignon et Gare TGV d'Avignon.  Cet appartement comprend 1 chambre, une télévision à écran plat avec les chaînes du câble, une cuisine équipée avec un réfrigérateur et un ";"8.6";"184";"44.0141777";"4.4220873"
"c9053d4c-2a2f-45eb-ad2b-88f6fa0bc183";"Uzes";"44.0121279";"4.4196718";"32.795";"0.0";"Patio De Violette";"Situé dans la campagne du Languedoc-Roussillon, le Patio De Violette se trouve à 2 minutes de route de la ville d'Uzès. Il dispose d'une piscine extérieure avec un solarium et d'un patio fleuri au premier étage.  Toutes les chambres climatisées sont équipées d'une télévision par satellite et d'une connexion Wi-Fi gratuite. Elles sont insonorisées et comprennent un balcon surplombant le patio et une salle de bains privative pourvue d'un sèche-cheveux.  Un petit-déjeuner buffet est servi chaque ma";"8.7";"295";"44.02843142";"4.42002386"
"c9053d4c-2a2f-45eb-ad2b-88f6fa0bc183";"Uzes";"44.0121279";"4.4196718";"32.795";"0.0";"Appart One Uzès";"Situé à Uzès, l’établissement Appart One Uzès comprend une connexion Wi-Fi gratuite, un jardin, une terrasse et un bar. Un parking privé est disponible sur place.  Vous bénéficierez d’une salle de bains privative entièrement équipée avec une douche et des articles de toilette gratuits.  Si vous souhaitez découvrir la région, vous aurez la possibilité de pratiquer la randonnée dans les environs.  Vous séjournerez à respectivement 27 km et 39 km de ces lieux d’intérêt : Parc des expositions de Nîm";"7.7";"160";"44.01204827";"4.41224146"
"c9053d4c-2a2f-45eb-ad2b-88f6fa0bc183";"Uzes";"44.0121279";"4.4196718";"32.795";"0.0";"La petite hostellerie";"L’établissement La petite hostellerie vous accueille à Uzès, à respectivement 27 km et 38 km de ces lieux d’intérêt : Parc des expositions de Nîmes et Palais des Papes d'Avignon. Il est installé à respectivement 14 km, 4,7 km et 24 km de : Pont du Gard, Golf d'Uzès et Ecole des beaux Arts de Nimes. Vous profiterez d'une cuisine commune et d'une connexion Wi-Fi gratuite dans l'ensemble des locaux.  Les hébergements sont dotés de la climatisation, d’une armoire, d’une machine à café, d’un réfrigér";"8.9";"223";"44.0108258";"4.4177601"
"c9053d4c-2a2f-45eb-ad2b-88f6fa0bc183";"Uzes";"44.0121279";"4.4196718";"32.795";"0.0";"La Casita - Studio Confort avec Parking privé - Lit douillet - Centre Uzès, Pont du Gard";"L’hébergement La Casita - Studio Confort avec Parking privé - Lit douillet - Centre Uzès, Pont du Gard se situe à Uzès, à seulement 27 km de ce lieu d’intérêt : Parc des expositions de Nîmes. Il offre une vue sur la ville et possède une connexion Wi-Fi gratuite ainsi qu’un parking privé gratuit. Cet appartement est à respectivement 39 km et 14 km de : Palais des Papes d'Avignon et Pont du Gard.  Cet appartement comprend une télévision à écran plat par satellite. L’hébergement possède une cuisine";"8.1";"244";"44.0121521";"4.4169701"
"c9053d4c-2a2f-45eb-ad2b-88f6fa0bc183";"Uzes";"44.0121279";"4.4196718";"32.795";"0.0";"La Casita - Studio Confort et Design - Emplacement Parfait - Uzès, Pont du Gard";"L’hébergement La Casita - Studio Confort et Design - Emplacement Parfait - Uzès, Pont du Gard vous accueille à Uzès, à respectivement 39 km et 14 km de ces lieux d’intérêt : Palais des Papes d'Avignon et Pont du Gard. Vous pourrez pratiquer le vélo dans les environs. Cet hébergement est installé à 27 km de : Parc des expositions de Nîmes. Il comprend une connexion Wi-Fi gratuite et un service de concierge.  Cet appartement avec climatisation se compose de 1 chambre séparée, d'une kitchenette ent";"8.5";"229";"44.0142503";"4.4199672"
"c9053d4c-2a2f-45eb-ad2b-88f6fa0bc183";"Uzes";"44.0121279";"4.4196718";"32.795";"0.0";"La Maison Rouge d'Uzes B&B";"Situé à Uzès, l’établissement La Maison Rouge d'Uzes B&B propose une piscine extérieure, une connexion Wi-Fi gratuite, un jardin et une terrasse.  Vous trouverez une salle de bains privative avec une douche dans certains logements, tout comme des articles de toilette gratuits, un sèche-cheveux et des peignoirs.  Vous séjournerez à respectivement 27 km et 39 km de ces lieux d’intérêt : Parc des expositions de Nîmes et Palais des Papes d'Avignon. L'aéroport le plus proche (Aéroport de Nîmes Alès C";"8.7";"360";"44.01417771";"4.42260727"
"c9053d4c-2a2f-45eb-ad2b-88f6fa0bc183";"Uzes";"44.0121279";"4.4196718";"32.795";"0.0";"Le Mas des Alexandrins";"Situé à Uzès, l’établissement Le Mas des Alexandrins propose une piscine extérieure ouverte en saison et un jardin, ainsi que des hébergements avec une terrasse ou un balcon, une connexion Wi-Fi gratuite et une télévision à écran plat.  Vous trouverez une salle de bains privative avec une douche et des articles de toilette gratuits dans chaque logement, tout comme un sèche-cheveux.  L’établissement Le Mas des Alexandrins sert un petit-déjeuner à la carte ou continental.  Si vous souhaitez découv";"9.7";"418";"43.99589186";"4.42746718"
"c9053d4c-2a2f-45eb-ad2b-88f6fa0bc183";"Uzes";"44.0121279";"4.4196718";"32.795";"0.0";"LOGIS HOTEL L' Auberge d'Uzes";"L’établissement LOGIS HOTEL L' Auberge d'Uzes vous accueille à Uzès, à 26 km de ce lieu d’intérêt : Parc des expositions de Nîmes. Il comprend une piscine extérieure ouverte en saison, une terrasse et un parking privé gratuit. Disposant d’une connexion Wi-Fi gratuite, cette maison d'hôtes est à respectivement 36 km et 37 km environ de : Palais des Papes d'Avignon et Gare TGV d'Avignon. Cet établissement non-fumeurs se trouve à 35 km de : Gare d'Avignon-Centre.  Les hébergements possèdent une arm";"8.2";"178";"43.99277827";"4.42427516"
"c9053d4c-2a2f-45eb-ad2b-88f6fa0bc183";"Uzes";"44.0121279";"4.4196718";"32.795";"0.0";"Uzès, au cœur du centre médiéval La Boussole d'Uzès, appartement de caractère du XVII -ème siècle";"L’hébergement Uzès, au cœur du centre médiéval La Boussole d'Uzès, appartement de caractère du XVII -ème siècle se trouve à Uzès, à respectivement 27 km et 39 km de ces lieux d’intérêt : Parc des expositions de Nîmes et Palais des Papes d'Avignon. Vous pourrez pratiquer la randonnée dans les environs. Cet hébergement offre une vue sur la ville et met à votre disposition une connexion Wi-Fi gratuite dans l’ensemble de ses locaux.  Cet appartement comprend 2 chambres, une cuisine avec un réfrigéra";"9.0";"303";"44.0124278";"4.4192465"
"c9053d4c-2a2f-45eb-ad2b-88f6fa0bc183";"Uzes";"44.0121279";"4.4196718";"32.795";"0.0";"Le mas des Lilas";"Offrant une vue sur le jardin, l’établissement Le mas des Lilas comprend une connexion Wi-Fi gratuite et un parking privé gratuit. Il se situe à Uzès, à 27 km de ce lieu d’intérêt : Parc des expositions de Nîmes.  L’établissement propose des hébergements avec vue sur la piscine, une terrasse, un coin salon et une télévision à écran plat par satellite. Vous bénéficierez d’une cuisine entièrement équipée avec un réfrigérateur et un lave-vaisselle, ainsi que d'une salle de bains privative avec une ";"8.3";"338";"43.99711946";"4.42578703"
"c9053d4c-2a2f-45eb-ad2b-88f6fa0bc183";"Uzes";"44.0121279";"4.4196718";"32.795";"0.0";"Le Cherche Midi - Appartement centre historique d'Uzès";"L’hébergement Le Cherche Midi - Appartement centre historique d'Uzès se situe à Uzès, à 27 km de ce lieu d’intérêt : Parc des expositions de Nîmes. Il possède un restaurant, une connexion Wi-Fi gratuite et un service d'étage. Cet hébergement offre une vue sur la ville et est installé à respectivement 39 km et 14 km de : Palais des Papes d'Avignon et Pont du Gard.  Cet appartement se compose de 1 chambre, d'un salon, d'une cuisine entièrement équipée avec un réfrigérateur et une machine à café, a";"9.3";"244";"44.0127104";"4.4185003"
"c9053d4c-2a2f-45eb-ad2b-88f6fa0bc183";"Uzes";"44.0121279";"4.4196718";"32.795";"0.0";"A fleur de rue, Calme, proximité et fraîcheur";"Situé à Uzès, l’hébergement A fleur de rue, Calme, proximité et fraîcheur offre une vue sur le jardin. Il comprend une terrasse et une connexion Wi-Fi gratuite. Occupant un bâtiment datant de 1750, cet appartement est à respectivement 28 km et 39 km de : Parc des expositions de Nîmes et Gare d'Avignon-Centre.  Cet appartement avec climatisation se compose de 1 chambre, d'un salon, d'une cuisine entièrement équipée avec un réfrigérateur et une machine à café, ainsi que de 1 salle de bains avec un";"9.5";"247";"44.015516";"4.4205845"
"c9053d4c-2a2f-45eb-ad2b-88f6fa0bc183";"Uzes";"44.0121279";"4.4196718";"32.795";"0.0";"Appartement avec parking en centre ville d'Uzès";"Situé à Uzès, l’hébergement Appartement avec parking en centre ville d'Uzès comprend une piscine privée et une connexion Wi-Fi gratuite. Cet hébergement est installé à 27 km de : Parc des expositions de Nîmes. Il propose une terrasse et un parking privé gratuit.  Cet appartement avec climatisation se compose de 2 chambres séparées, d'une kitchenette entièrement équipée et de 2 salles de bains. Des serviettes et du linge de lit sont mis à votre disposition.  Vous pourrez profiter d’une piscine in";"7.3";"231";"44.0126338";"4.4142025"
"c9053d4c-2a2f-45eb-ad2b-88f6fa0bc183";"Uzes";"44.0121279";"4.4196718";"32.795";"0.0";"Appartement avec clim et parking à Uzès";"Situé à Uzès et offrant une vue sur la ville, l’hébergement Appartement avec clim et parking à Uzès comprend une piscine privée. Cet hébergement est installé à 27 km de : Parc des expositions de Nîmes. Il possède une terrasse et un parking privé gratuit.  Cet appartement avec climatisation se compose de 2 chambres, d'un salon, d'une cuisine entièrement équipée avec un réfrigérateur et une machine à café, ainsi que de 2 salles de bains avec une douche et une baignoire. Des serviettes et du linge ";"7.2";"243";"44.0126338";"4.4142025"
"c9053d4c-2a2f-45eb-ad2b-88f6fa0bc183";"Uzes";"44.0121279";"4.4196718";"32.795";"0.0";"Une chambre à Uzès";"L’hébergement Une chambre à Uzès se situe à Uzès, à respectivement quelques pas et 400 mètres de ces lieux d’intérêt : Place aux Herbes et Cathédrale Saint-Théodorit. Il met à votre disposition une connexion Wi-Fi gratuite et offre une vue sur la ville. Cet appartement est à respectivement 27 km et 39 km de : Parc des expositions de Nîmes et Palais des Papes d'Avignon.  Cet appartement comporte 1 chambre, une cuisine entièrement équipée avec un réfrigérateur et un micro-ondes, ainsi que 1 salle ";"9.3";"214";"44.0118323";"4.4185005"
"c9053d4c-2a2f-45eb-ad2b-88f6fa0bc183";"Uzes";"44.0121279";"4.4196718";"32.795";"0.0";"Le Mas Dulac";"Situé dans un parc arboré à 4 km du centre d'Uzés, Le Mas Dulac est une chambre d'hôtes occupant un bâtiment restauré du XVIe siècle. Vous aurez accès à une piscine extérieure ouverte en saison. Une connexion Wi-Fi dans les parties communes et un parking sont disponibles gratuitement.  Toutes les chambres possèdent une salle de bains privative pourvue d'une baignoire ou d'une douche.  Le petit-déjeuner est servi tous les matins, tandis que des plats traditionnels préparés avec des ingrédients fr";"8.2";"232";"43.99228663";"4.43396687"
"b71b56d0-dbb6-4854-a7fc-7a1c7366ef6f";"Carcassonne";"43.2130358";"2.3491069";"32.795";"0.0";"L'oasis urbaine";"L’hébergement L'oasis urbaine vous accueille à respectivement 49 km et 400 mètres de ces lieux d’intérêt : Termes Chateau et IUT de Perpignan - Campus de Carcassonne. Il comprend une connexion Wi-Fi gratuite et une terrasse. Cet appartement est à respectivement 400 mètres et 500 mètres de : Memorial House (Maison des Memoires) et Cathédrale Saint-Michel de Carcassonne.  Cet appartement se compose de 1 chambre, d'un salon, d'une cuisine entièrement équipée avec un réfrigérateur et une bouilloire,";"10.0";"130";"43.2148921";"2.3497057"
"b71b56d0-dbb6-4854-a7fc-7a1c7366ef6f";"Carcassonne";"43.2130358";"2.3491069";"32.795";"0.0";"Tribe Carcassonne";"Bénéficiant d’un emplacement privilégié dans la ville basse de Carcassonne, où vous pourrez découvrir tous les secrets de la cité médiévale dans un cadre urbain unique, le Tribe Carcassonne se trouve au cœur du quartier historique de la Bastide Saint-Louis, au pied du Pont-Vieux. Le TRIBE propose des chambres très confortables et met à votre disposition des parties communes ainsi que des espaces de coworking à la décoration raffinée. Vous pourrez déguster des plats maison au café de l’établissem";"8.1";"329";"43.21030573";"2.3577556"
"b71b56d0-dbb6-4854-a7fc-7a1c7366ef6f";"Carcassonne";"43.2130358";"2.3491069";"32.795";"0.0";"3-Bedroom House with Garden Near the Cité de Carcassonne";"L’hébergement 3-Bedroom House with Garden Near the Cité de Carcassonne offre une vue sur le jardin, à environ 2 km de ce lieu d’intérêt : Memorial House (Maison des Memoires). Il comprend un patio et une machine à café. Cet hébergement est installé à 49 km de : Termes Chateau. Il possède un jardin et un parking privé gratuit.  Disposant d’une terrasse et offrant une vue sur la ville, cette maison de vacances comprend 3 chambres, un salon, une télévision à écran plat par satellite, une cuisine éq";"";"226";"43.20983856";"2.37427669"
"b71b56d0-dbb6-4854-a7fc-7a1c7366ef6f";"Carcassonne";"43.2130358";"2.3491069";"32.795";"0.0";"Premiere Classe Carcassonne";"Le Premiere Classe Carcassonne se situe à La Bouriette, à proximité de l'autoroute A61 des Deux Mers et à 3 minutes de l'aéroport. Une connexion Wi-Fi est disponible gratuitement.  Les chambres climatisées disposent toutes d'un espace de travail et d'une télévision. Certaines peuvent accueillir gratuitement une 3ème personne sur un lit superposé.  Le Premiere Classe Carcassonne propose également un parking privé gratuit, l'enregistrement et le départ 24h/24 ainsi qu'un petit-déjeuner quotidien.";"7.2";"80";"43.20661669";"2.31279239"
"b71b56d0-dbb6-4854-a7fc-7a1c7366ef6f";"Carcassonne";"43.2130358";"2.3491069";"32.795";"0.0";"ibis Styles Carcassonne La Cité";"L'ibis Styles Carcassonne La Cité est situé à seulement 700 mètres de la ville médiévale de Carcassonne. L’établissement dispose d’un restaurant, d’une piscine extérieure, d’une salle de sport et d’un parking privé gratuit. Une connexion Wi-Fi est accessible gratuitement.  Toutes les chambres et des studios disposent de la climatisation. Elles possèdent une télévision, ainsi qu'une salle de bains privative avec une douche ou une baignoire. Toutes sont accessibles par ascenseur et certaines sont ";"8.6";"331";"43.20758443";"2.37271428"
"b71b56d0-dbb6-4854-a7fc-7a1c7366ef6f";"Carcassonne";"43.2130358";"2.3491069";"32.795";"0.0";"Hotel du Roi & Spa by SOWELL COLLECTION";"L’établissement Hotel du Roi & Spa by SOWELL COLLECTION vous accueille à Carcassonne, à 49 km de ce lieu d’intérêt : Termes Chateau. Il comprend un jardin, une terrasse, un restaurant et un parking privé. Cet hôtel 5 étoiles propose un service d'étage, une réception ouverte 24h/24 et une connexion Wi-Fi gratuite. Cet hôtel possède une piscine intérieure et un service de concierge.  Les hébergements comprennent la climatisation, une armoire, une machine à café, un coffre-fort, une télévision à éc";"8.3";"283";"43.21085";"2.357769"
"b71b56d0-dbb6-4854-a7fc-7a1c7366ef6f";"Carcassonne";"43.2130358";"2.3491069";"32.795";"0.0";"ibis budget Carcassonne La Cité";"L'ibis budget Carcassonne La Cité est situé à Carcassonne, à 15 minutes à pied de la cité médiévale et à 2 km du centre-ville.  Présentant un décor moderne et fonctionnel, les chambres comprennent une connexion Wi-Fi gratuite, une salle de bains privative et une télévision par satellite.  Un petit-déjeuner buffet continental est servi. Par ailleurs, Carcassonne abrite un grand nombre de restaurants, de bars et d'épiceries.  L'aéroport de Carcassonne se trouve à seulement 15 minutes de route de l";"7.8";"127";"43.20765481";"2.37880826"
"b71b56d0-dbb6-4854-a7fc-7a1c7366ef6f";"Carcassonne";"43.2130358";"2.3491069";"32.795";"0.0";"Campanile Carcassonne Est - La Cité";"Doté d'un bar et d'un restaurant, le Campanile Carcassonne Est - La Cité se trouve à Carcassonne, à 20 minutes de marche de la cité médiévale. Une connexion Wi-Fi est disponible gratuitement dans l'ensemble de l'établissement. Le centre-ville et la gare de Carcassonne sont à 3 km de l'hôtel.  Présentant une décoration contemporaine, les chambres du Campanile Carcassonne Est-La Cité disposent de la climatisation, d'une télévision à écran plat et d'un plateau/bouilloire.  Un petit-déjeuner buffet ";"8.2";"161";"43.20917774";"2.38705471"
"b71b56d0-dbb6-4854-a7fc-7a1c7366ef6f";"Carcassonne";"43.2130358";"2.3491069";"32.795";"0.0";"GOOD KNIGHT";"L’établissement GOOD KNIGHT se trouve à Carcassonne, à 49 km de ce lieu d’intérêt : Termes Chateau. Il propose un jardin, une terrasse et un parking privé gratuit. Disposant d’une connexion Wi-Fi gratuite, cet hôtel est à respectivement 1,5 km et 1,5 km environ de : Memorial House (Maison des Memoires) et Cathédrale Saint-Michel de Carcassonne. Cet hôtel vous accueille à respectivement 1,9 km et 4,2 km de : IUT de Perpignan - Campus de Carcassonne et Golf de Carcassonne.  Les hébergements dispos";"8.8";"303";"43.207746";"2.366914"
"b71b56d0-dbb6-4854-a7fc-7a1c7366ef6f";"Carcassonne";"43.2130358";"2.3491069";"32.795";"0.0";"ibis budget Carcassonne Aéroport - A61";"L'ibis budget Carcassonne Aéroport vous accueille à respectivement 1 et 5 km de l'aéroport et du centre-ville médiéval de Carcassonne. Il propose des hébergements modernes avec connexion Wi-Fi gratuite.  Les chambres disposent d'une télévision par satellite à écran plat. Toutes équipées de la climatisation et d'une salle de bains privative.  Un petit-déjeuner buffet est servi chaque matin sur place. Des rafraîchissements et des collations sont par ailleurs disponibles dans les distributeurs auto";"7.7";"112";"43.20451891";"2.31039047"
"b71b56d0-dbb6-4854-a7fc-7a1c7366ef6f";"Carcassonne";"43.2130358";"2.3491069";"32.795";"0.0";"L'Écrin Jacques Ourtal";"L’hébergement L'Écrin Jacques Ourtal se trouve à Carcassonne, à respectivement 48 km et 700 mètres de ces lieux d’intérêt : Termes Chateau et IUT de Perpignan - Campus de Carcassonne. Il propose des équipements tels qu’une connexion Wi-Fi gratuite et une télévision à écran plat. Cet appartement est à respectivement 600 mètres et 400 mètres de : Memorial House (Maison des Memoires) et Cathédrale Saint-Michel de Carcassonne.  Cet appartement comporte 1 chambre, une cuisine avec un réfrigérateur et";"8.6";"116";"43.2087344";"2.3486458"
"b71b56d0-dbb6-4854-a7fc-7a1c7366ef6f";"Carcassonne";"43.2130358";"2.3491069";"32.795";"0.0";"ibis Carcassonne Est la Cité";"L'ibis Carcassonne Est la Cité se trouve à 5 minutes en voiture du centre-ville de Carcassonne et à 1 km de la partie médiévale de la ville. Il dispose de chambres climatisées avec télévision par satellite à écran plat et connexion Wi-Fi gratuite.  Un petit-déjeuner buffet, composé de plats sucrés et salés, comme des œufs, de la salade de fruits, des yaourts et des jus, est servi chaque matin. Des viennoiseries cuites sur place, des madeleines fraîches ainsi qu'une boisson chaude et un fruit à e";"8.2";"168";"43.20925202";"2.3867476"
"b71b56d0-dbb6-4854-a7fc-7a1c7366ef6f";"Carcassonne";"43.2130358";"2.3491069";"32.795";"0.0";"Le PALACE, Auberge";"L’établissement Le PALACE, Auberge se trouve à Carcassonne, à respectivement 49 km et 3,6 km de ces lieux d’intérêt : Termes Chateau et Zone Commerciale du Pont Rouge. Il est installé à proximité de plusieurs attractions connues, notamment à respectivement 600 mètres, 800 mètres et 900 mètres de : Memorial House (Maison des Memoires), Cathédrale Saint-Michel de Carcassonne et IUT de Perpignan - Campus de Carcassonne. Vous pourrez profiter d'une cuisine commune et d'un salon commun.  Les hébergem";"7.7";"117";"43.2158918";"2.353731"
"b71b56d0-dbb6-4854-a7fc-7a1c7366ef6f";"Carcassonne";"43.2130358";"2.3491069";"32.795";"0.0";"203 Balcon de la Bastide";"L’hébergement 203 Balcon de la Bastide vous accueille à Carcassonne, à respectivement 200 mètres et 500 mètres de ces lieux d’intérêt : Cathédrale Saint-Michel de Carcassonne et IUT de Perpignan - Campus de Carcassonne. Il propose une connexion Wi-Fi gratuite, une terrasse et la climatisation. Cet appartement est à quelques pas de : Memorial House (Maison des Memoires).  Cet appartement comporte 2 chambres, 2 salles de bains, du linge de lit, des serviettes, une télévision à écran plat, un coin ";"8.5";"270";"43.21220454";"2.35238204"
"b71b56d0-dbb6-4854-a7fc-7a1c7366ef6f";"Carcassonne";"43.2130358";"2.3491069";"32.795";"0.0";"Hotel Espace Cite";"L'Hotel Espace Cite est situé à seulement 200 mètres du centre-ville médiéval de Carcassonne et à 500 mètres du canal du Midi, deux sites classés au patrimoine mondial de l'UNESCO. Cet hôtel dispose d’une connexion Wi-Fi gratuite.  Toutes les chambres climatisées comprennent une télévision à écran plat et une salle de bains privative pourvue d'une douche.  Un petit-déjeuner buffet est servi chaque matin dans la salle du petit-déjeuner de l'hôtel ou, par beau temps, sur la terrasse offrant une vu";"8.6";"201";"43.2083547";"2.36776024"
"b71b56d0-dbb6-4854-a7fc-7a1c7366ef6f";"Carcassonne";"43.2130358";"2.3491069";"32.795";"0.0";"Le petit coin de la bastide 11";"L’hébergement Le petit coin de la bastide 11 vous accueille à Carcassonne, à respectivement 600 mètres et 800 mètres de ces lieux d’intérêt : Memorial House (Maison des Memoires) et Cathédrale Saint-Michel de Carcassonne. Il met à votre disposition une connexion Wi-Fi gratuite et offre une vue sur la ville. Occupant un bâtiment datant de 1900, cet appartement est à 900 mètres de : IUT de Perpignan - Campus de Carcassonne.  Cet appartement se compose de 1 chambre, d'un salon, d'une cuisine entièr";"9.3";"210";"43.2162907";"2.3534917"
"b71b56d0-dbb6-4854-a7fc-7a1c7366ef6f";"Carcassonne";"43.2130358";"2.3491069";"32.795";"0.0";"Cerise Carcassonne Sud";"Installé à 500 mètres de la cité médiévale de Carcassonne, le Cerise Carcassonne Sud vous propose une piscine intérieure, un hammam et une connexion Wi-Fi gratuite. La bastide Saint-Louis se trouve à 1,5 km seulement.  La Cerise Carcassonne Sud se compose de 2 bâtiments implantés dans un grand espace verdoyant. Tous les studios et les appartements comprennent la climatisation, une télévision, une armoire et une salle de bains pourvue d’un sèche-cheveux. La kitchenette est équipée d’un micro-onde";"7.7";"290";"43.20754846";"2.3726145"
"b71b56d0-dbb6-4854-a7fc-7a1c7366ef6f";"Carcassonne";"43.2130358";"2.3491069";"32.795";"0.0";"Le Minervois";"L’établissement Le Minervois vous accueille à Carcassonne, à respectivement 49 km et 600 mètres de ces lieux d’intérêt : Termes Chateau et Memorial House (Maison des Memoires). Il comprend des hébergements avec une connexion Wi-Fi gratuite et une télévision à écran plat.  Offrant une vue sur la ville, les hébergements sont pourvus d’un coin salon, d'un lave-linge et d'une cuisine entièrement équipée avec un réfrigérateur. Leur salle de bains privative possède des articles de toilette gratuits. U";"7.3";"120";"43.2166272";"2.3537713"
"b71b56d0-dbb6-4854-a7fc-7a1c7366ef6f";"Carcassonne";"43.2130358";"2.3491069";"32.795";"0.0";"B&B HOTEL Carcassonne Rocadest La Cité";"L’établissement B&B HOTEL Carcassonne Rocadest La Cité se trouve à Carcassonne, à respectivement 49 km et 3,5 km de ces lieux d’intérêt : Termes Chateau et Memorial House (Maison des Memoires). Il propose des hébergements dotés de la climatisation et d’une salle de bains privative. Il vous accueille à respectivement 3,8 km, 3,9 km et 4,1 km de : Cathédrale Saint-Michel de Carcassonne, IUT de Perpignan - Campus de Carcassonne et Zone Commerciale du Pont Rouge. Une terrasse bien exposée, une conne";"8.4";"150";"43.208233";"2.391701"
"b71b56d0-dbb6-4854-a7fc-7a1c7366ef6f";"Carcassonne";"43.2130358";"2.3491069";"32.795";"0.0";"MarQue Néo Art-AW";"L’hébergement MarQue Néo Art-AW vous accueille à Carcassonne, à respectivement 500 mètres et 200 mètres de ces lieux d’intérêt : IUT de Perpignan - Campus de Carcassonne et Memorial House (Maison des Memoires). Cet hébergement possède une connexion Wi-Fi gratuite dans l’ensemble de ses locaux et est installé à 200 mètres de : Cathédrale Saint-Michel de Carcassonne.  Cet appartement compte 1 chambre, un salon comportant une télévision, une cuisine entièrement équipée avec un réfrigérateur et un l";"8.8";"150";"43.2116659";"2.3523114"
"c7f09628-e63d-46db-bb52-1c82536bdf75";"Toulouse";"43.6044638";"1.4442433";"32.59166666666667";"0.0";"La casa del cielo";"L’hébergement La casa del cielo vous accueille dans le centre de Toulouse, à respectivement 4,9 km et 5 km de ces lieux d’intérêt : Zénith de Toulouse et Parc des expositions de Toulouse. Il comprend une connexion Wi-Fi gratuite et offre une vue sur la ville. Cet appartement est à respectivement 5,1 km et 1 km de : Stadium de Toulouse et Métro Marengo – SNCF.  Cet appartement se compose de 2 chambres, d'un salon, d'une cuisine entièrement équipée avec un réfrigérateur et une machine à café, ains";"8.6";"182";"43.6137157";"1.4481294"
"c7f09628-e63d-46db-bb52-1c82536bdf75";"Toulouse";"43.6044638";"1.4442433";"32.59166666666667";"0.0";"Eklo Hotels Toulouse Cartoucherie Zénith";"L’établissement Eklo Hotels Toulouse Cartoucherie Zénith se situe à Toulouse, à 600 mètres de ce lieu d’intérêt : Zénith de Toulouse. Il possède un salon commun, une terrasse, un restaurant et un parking privé. De nombreux équipements et services sont fournis sur place, notamment une cuisine commune, une réception ouverte 24h/24 et une connexion Wi-Fi gratuite disponible dans l'ensemble des locaux. Vous trouverez sur place des animations en soirée et une bagagerie.  Vous profiterez de la climati";"8.1";"120";"43.603436";"1.407623"
"c7f09628-e63d-46db-bb52-1c82536bdf75";"Toulouse";"43.6044638";"1.4442433";"32.59166666666667";"0.0";"The Social Hub Toulouse";"L’établissement The Social Hub Toulouse bénéficie d’une situation géographique idéale à Toulouse. Il comprend une connexion Wi-Fi gratuite, une piscine extérieure ouverte en saison, une salle de sport des hébergements dotés de la climatisation. Il possède un restaurant, un salon commun et une terrasse. Vous pourrez prendre un verre au bar sur place.  Les hébergements possèdent un bureau et une télévision à écran plat. Vous bénéficierez d'une bouilloire ainsi que d'une salle de bains privative do";"8.7";"179";"43.610053";"1.43037"
"c7f09628-e63d-46db-bb52-1c82536bdf75";"Toulouse";"43.6044638";"1.4442433";"32.59166666666667";"0.0";"Mercure Toulouse Centre Saint-Georges";"Le Mercure Toulouse Centre Saint-Georges se trouve dans le centre historique de Toulouse, à seulement 50 mètres de la place Wilson et à 3,5 km du Stadium de Toulouse. L’établissement propose des hébergements climatisés avec une connexion Wi-Fi gratuite et une terrasse avec un couloir de nage.  Desservies par un ascenseur, toutes les chambres du Toulouse Saint-Georges disposent d’une télévision par satellite et d’une salle de bains privative.  L'établissement propose également un bar, un service ";"8.3";"386";"43.60332861";"1.44823596"
"c7f09628-e63d-46db-bb52-1c82536bdf75";"Toulouse";"43.6044638";"1.4442433";"32.59166666666667";"0.0";"Premiere Classe Toulouse Sesquières";"Cet hôtel Première Classe est situé à côté de l'autoroute A620 et du lac de Sesquières, à seulement 5 km au nord du centre de Toulouse. Il propose un hébergement avec salle de bains et un parking privé gratuit sur place.  Chaque chambre de l'hôtel Première Classe Toulouse Sesquières dispose d'une salle de bains privative et d'une télévision.  L'Hôtel Toulouse Sesquières abrite une réception ouverte 24h/24. La station de métro La Vache se trouve à 2,5 km et permet de rejoindre le centre-ville et ";"6.3";"116";"43.64653885";"1.4191293"
"c7f09628-e63d-46db-bb52-1c82536bdf75";"Toulouse";"43.6044638";"1.4442433";"32.59166666666667";"0.0";"La Fabrik Matabiau - Charmant appt avec terrasse et parking";"Doté d’une connexion Wi-Fi gratuite, l’hébergement La Fabrik Matabiau - Charmant appt avec terrasse et parking se situe dans le centre de Toulouse, à respectivement 4,7 km et 4,7 km de ces lieux d’intérêt : Stadium de Toulouse et Parc des expositions de Toulouse. Cet hébergement est installé à 4,6 km de : Zénith de Toulouse. Il possède une terrasse et un parking privé gratuit.  Cet appartement se compose de 1 chambre, d'un salon, d'une cuisine entièrement équipée avec un réfrigérateur et une mac";"";"216";"43.6108233";"1.4475045"
"c7f09628-e63d-46db-bb52-1c82536bdf75";"Toulouse";"43.6044638";"1.4442433";"32.59166666666667";"0.0";"Hostel20 Toulouse Wilson";"Situé en plein cœur de Toulouse, l’Hostel20 Toulouse Wilson vous propose des chambres climatisées et une réception ouverte 24h/24. L’établissement est situé à 140 mètres de la place Wilson et à 3,5 km du Stadium de Toulouse. Vous pourrez profiter d’une connexion Wi-Fi illimitée.  Dotées d’une salle de bains privative, toutes les chambres offrent une vue sur le théâtre de la Cité ou sur la terrasse.  Chaque matin, l’établissement sert un petit-déjeuner, que vous pourrez déguster dans le salon.  L";"7.0";"170";"43.60446677";"1.44925419"
"c7f09628-e63d-46db-bb52-1c82536bdf75";"Toulouse";"43.6044638";"1.4442433";"32.59166666666667";"0.0";"Hôtel Riquet";"Situé au cœur de Toulouse, cet hôtel se trouve à seulement 300 mètres de la gare Matabiau et à 5 km du stade de Toulouse. Les chambres climatisées disposent d’un lit double, d’une connexion Wi-Fi gratuite et d’une télévision par satellite.  Chaque chambre moderne est décorée individuellement et comprend un plateau/bouilloire. Certaines chambres disposent également d’un minibar, d’une baignoire d’angle et d’une vue sur la cour.  Chaque matin, l’hôtel Riquet sert un petit déjeuner sous forme de bu";"7.3";"138";"43.60814623";"1.45393096"
"c7f09628-e63d-46db-bb52-1c82536bdf75";"Toulouse";"43.6044638";"1.4442433";"32.59166666666667";"0.0";"Hôtel le Pastel";"Situé à Toulouse, à 400 mètres de la gare de Toulouse-Matabiau et 2,6 km du parc des expositions Toulouse Expo, l'Hôtel Le Pastel propose une connexion Wi-Fi gratuite et un parking privé.  Les chambres comprennent une télévision par satellite à écran plat et une salle de bains privative pourvue d'une douche.  Une réception ouverte 24h/24 est à votre disposition sur place.  Enfin, vous profiterez d'un service de location de voitures et rejoindrez le stade municipal de Toulouse à 3,2 km, le Zénith";"6.8";"148";"43.60973933";"1.44910831"
"c7f09628-e63d-46db-bb52-1c82536bdf75";"Toulouse";"43.6044638";"1.4442433";"32.59166666666667";"0.0";"Citiz Hotel";"Le Citiz Hotel vous accueille sur la place Wilson à Toulouse. Cet établissement 4 étoiles est situé à 5 minutes à pied du Capitole et à 10 minutes de marche de la gare de Matabiau. Les chambres climatisées disposent d'une télévision par satellite à écran LCD et d'une connexion Wi-Fi gratuite.  Lors de votre séjour au Citiz Hotel, vous aurez la possibilité de vous détendre en lisant un journal gratuit dans le bar-restaurant de l’hôtel.  Les chambres du Citiz comprennent toutes un sèche-cheveux et";"7.8";"184";"43.60566998";"1.4491117"
"c7f09628-e63d-46db-bb52-1c82536bdf75";"Toulouse";"43.6044638";"1.4442433";"32.59166666666667";"0.0";"Residhome Toulouse Occitania";"Doté d’une piscine extérieure, le Residhome Toulouse Occitania propose des hébergements à moins de 100 mètres de l’arrêt de tramway Hippodrome, d’où vous pourrez rejoindre le centre-ville de Toulouse et l’aéroport de Toulouse-Blagnac en moins de 20 minutes. Une connexion Wi-Fi est disponible gratuitement. Le Stadium de Toulouse vous attend à 3,5 km.  Tous les appartements et studios sont dotés d’une télévision par satellite à écran LCD et de la climatisation. Ils comprennent également une kitche";"8.6";"145";"43.5938049";"1.41036384"
"c7f09628-e63d-46db-bb52-1c82536bdf75";"Toulouse";"43.6044638";"1.4442433";"32.59166666666667";"0.0";"Alfred Hotels Toulouse Centre Wilson - Hôtel Rénové";"L’établissement Alfred Hotels Toulouse Centre Wilson - Hôtel Rénové vous accueille dans le centre de Toulouse, à respectivement 4,1 km et 4,3 km de ces lieux d’intérêt : Parc des expositions de Toulouse et Stadium de Toulouse. Cet hôtel 3 étoiles propose une terrasse ainsi que des hébergements dotés de la climatisation, d’une connexion Wi-Fi gratuite et d’une salle de bains privative. Cet établissement pour les personnes souffrant d'allergies se situe à 5,4 km de : Zénith de Toulouse.  Les héber";"9.3";"305";"43.6057617";"1.4503057"
"c7f09628-e63d-46db-bb52-1c82536bdf75";"Toulouse";"43.6044638";"1.4442433";"32.59166666666667";"0.0";"Résidence le Pastel François Verdier";"L’établissement Résidence le Pastel François Verdier se situe à 800 mètres du centre de Toulouse. Il possède un jardin et une terrasse. Une connexion Wi-Fi gratuite est à disposition.  Chaque hébergement possède un patio, un coin repas et une télévision à écran plat. Vous bénéficierez également d’une kitchenette comprenant un réfrigérateur, ainsi que d’une salle de bains privative comportant un bidet et des articles de toilette gratuits. Des serviettes et du linge de lit moyennant des frais supp";"5.7";"117";"43.60330197";"1.45612911"
"c7f09628-e63d-46db-bb52-1c82536bdf75";"Toulouse";"43.6044638";"1.4442433";"32.59166666666667";"0.0";"ibis Toulouse Centre";"Situé à 10 minutes de marche de la vieille ville et de la gare de Toulouse-Matabiau, l'ibis Toulouse Centre possède un bar et une réception ouverts 24h/24 ainsi qu'un ascenseur. Une connexion Wi-Fi est disponible gratuitement dans l'ensemble de l'établissement. L’établissement propose une réception ouverte 24h/24, un ascenseur, une connexion Wi-Fi gratuite dans tout l'établissement et un bar ouvert 24h/24. Le Stadium de Toulouse est accessible à 4 km.  Pourvues de parquet et décorées dans un sty";"8.0";"191";"43.6104025";"1.4460135"
"c7f09628-e63d-46db-bb52-1c82536bdf75";"Toulouse";"43.6044638";"1.4442433";"32.59166666666667";"0.0";"Mama Shelter Toulouse";"Le Mama Shelter Toulouse propose des logements à Toulouse, à 2,2 km du parc des expositons, à 2,8 km du Stadium et à 3,3 km du Zénith.  Les chambres disposent de la climatisation, d'une connexion Wi-Fi gratuite, d'un bureau et d'une télévision par câble à écran plat avec services de streaming. Leur salle de bains privative est pourvue d'une douche, d'un sèche-cheveux et d'articles de toilette gratuits. Tous les hébergements sont desservis par un ascenseur.  Le Mama Shelter Toulouse est doté d'un";"8.7";"242";"43.605414";"1.449934"
"c7f09628-e63d-46db-bb52-1c82536bdf75";"Toulouse";"43.6044638";"1.4442433";"32.59166666666667";"0.0";"Hotel Mercure Toulouse Centre Compans";"L'Hotel Mercure Toulouse Compans Caffarelli est situé dans le centre de Toulouse, à 10 minutes à pied de la place du Capitole et à seulement 200 mètres de la station de métro Compans Caffarelli. Le Stadium municipal se trouve à 4 km.  De style contemporain, les chambres sont insonorisées et climatisées. Elles disposent d'une connexion Wi-Fi, d'une télévision par satellite à écran plat ainsi que d'un plateau/bouilloire.  Le restaurant de l'hôtel, ouvert pour le petit-déjeuner, le déjeuner et le d";"8.5";"310";"43.61064762";"1.43494427"
"c7f09628-e63d-46db-bb52-1c82536bdf75";"Toulouse";"43.6044638";"1.4442433";"32.59166666666667";"0.0";"Zenitude Hôtel-Résidences Toulouse Le Parc de l'Escale";"Situé dans un grand parc avec un parcours de golf, le Zenitude Hôtel-Résidences Le Parc de l’Escale se trouve à seulement 7,5 km de l’aéroport de Toulouse-Blagnac. Cet établissement propose des studios, des appartements, une piscine extérieure et une salle de sport.  Les studios et les appartements comprennent la climatisation, une kitchenette entièrement équipée et une connexion Internet par câble gratuite.  Le Zenitude Hôtel-Résidences Le Parc de l’Escale sert un petit-déjeuner buffet tous les";"8.2";"143";"43.60596325";"1.35816336"
"c7f09628-e63d-46db-bb52-1c82536bdf75";"Toulouse";"43.6044638";"1.4442433";"32.59166666666667";"0.0";"Montempô Appart'Hôtel Toulouse Balma";"Situé à Toulouse, à 6 km de Toulouse Expo, le Montempô Appart'Hôtel Toulouse Balma propose des studios avec une connexion Wi-Fi gratuite.  Les logements comprennent une kitchenette entièrement équipée avec un coin repas, un micro-ondes et un réfrigérateur.  Cet appart'hôtel dispose d'une terrasse.  Le Zénith et le stade de Toulouse se trouvent à 7 km du Montempô Appart'Hôtel Toulouse Balma. L'aéroport de Toulouse-Blagnac, le plus proche, est installé à 9 km.";"7.4";"137";"43.6343031";"1.4817265"
"c7f09628-e63d-46db-bb52-1c82536bdf75";"Toulouse";"43.6044638";"1.4442433";"32.59166666666667";"0.0";"ibis Toulouse Gare Matabiau";"Situé sur les rives du canal du Midi, à 130 mètres de la gare SNCF de Toulouse-Matabiau, l’ibis Toulouse Gare Matabiau dispose d’une réception ouverte 24h/24 et d’une connexion Wi-Fi gratuite. Le centre-ville de Toulouse se trouve à 500 mètres.  Climatisées, les chambres comprennent une télévision à écran plat et une salle de bains privative pourvue d’une baignoire ou d’une douche ainsi que d’un sèche-cheveux.  Chaque matin, l’hôtel sert un petit-déjeuner buffet composé de mets salés et sucrés, ";"8.2";"219";"43.61134554";"1.45230844"
"c7f09628-e63d-46db-bb52-1c82536bdf75";"Toulouse";"43.6044638";"1.4442433";"32.59166666666667";"0.0";"Hôtel Anatole France";"Situé à Toulouse, à moins de 5 minutes à pied de la célèbre place du Capitole, l'Hôtel Anatole France dispose de 18 chambres et offre un accès direct au centre-ville. Il a été entièrement rénové en janvier 2025.  Vous trouverez de nombreux restaurants à proximité, dans un quartier animé.  L'établissement se trouve à 5 minutes à pied du musée Saint-Raymond et à moins de 300 mètres de la basilique Saint-Sernin. La cathédrale Saint-Étienne se trouve à 1 km, le parc de la Prairie des Filtres à 25 mi";"5.8";"97";"43.60602977";"1.43884756"
